2026-03-24_18-33-32,0,draft.go:2026-03-24_18-33-32
2026-03-24_18-47-23,100,draft.go:2026-03-24_18-47-23
2026-03-24_18-48-50,100,draft.go:2026-03-24_18-47-23
2026-03-24_18-48-57,100,draft.go:2026-03-24_18-47-23
2026-03-24_18-49-00,100,draft.go:2026-03-24_18-47-23
2026-03-24_18-49-02,100,draft.go:2026-03-24_18-47-23
2026-03-24_18-51-13,100,draft.go:2026-03-24_18-47-23
2026-03-24_18-55-39,0,draft.go:2026-03-24_18-55-39
2026-03-24_18-55-55,0,draft.go:2026-03-24_18-55-55
2026-03-24_18-56-22,0,draft.go:2026-03-24_18-56-22
2026-03-24_18-56-54,0,draft.go:2026-03-24_18-56-54
2026-03-24_18-57-19,0,draft.go:2026-03-24_18-57-19
2026-03-24_18-57-30,100,draft.go:2026-03-24_18-57-30
2026-03-24_19-00-43,100,draft.go:2026-03-24_18-57-30
2026-03-24_19-01-00,---,draft.go:2026-03-24_18-57-30
2026-03-24_19-01-26,100,draft.go:2026-03-24_18-57-30
2026-03-24_19-16-39,100,draft.go:2026-03-24_19-16-39
2026-03-24_19-36-45,100,draft.go:2026-03-24_19-16-39
2026-03-24_19-44-50,100,draft.go:2026-03-24_19-44-50
