2026-06-03_19-22-15,0,main.go:2026-06-03_19-22-15
2026-06-08_00-27-03,0,main.go:2026-06-08_00-27-03
2026-06-08_01-15-43,0,main.go:2026-06-08_01-15-43
2026-06-08_01-18-34,0,main.go:2026-06-08_01-18-34
2026-06-08_01-20-41,0,main.go:2026-06-08_01-20-41
2026-06-08_01-22-18,0,main.go:2026-06-08_01-22-18
2026-06-08_01-37-51,0,main.go:2026-06-08_01-37-51
2026-06-08_01-56-30,0,main.go:2026-06-08_01-37-51
2026-06-08_02-00-39,0,main.go:2026-06-08_01-37-51
2026-06-08_02-09-26,0,main.go:2026-06-08_01-37-51
2026-06-08_02-16-10,0,main.go:2026-06-08_01-37-51
2026-06-08_02-27-18,0,main.go:2026-06-08_01-37-51
2026-06-08_12-35-33,0,main.go:2026-06-08_01-37-51
2026-06-08_12-37-15,0,main.go:2026-06-08_01-37-51
2026-06-08_12-37-19,---,main.go:2026-06-08_01-37-51
2026-06-08_12-59-30,0,main.go:2026-06-08_12-59-30
2026-06-08_12-59-57,---,main.go:2026-06-08_12-59-30
2026-06-08_13-01-10,0,main.go:2026-06-08_12-59-30
2026-06-08_13-01-13,---,main.go:2026-06-08_12-59-30
2026-06-08_13-11-42,0,main.go:2026-06-08_13-11-42
2026-06-08_13-22-34,0,main.go:2026-06-08_13-22-34
2026-06-08_13-23-04,0,main.go:2026-06-08_13-23-04
2026-06-08_13-28-11,0,main.go:2026-06-08_13-28-11
2026-06-08_13-32-00,0,main.go:2026-06-08_13-32-00
2026-06-08_13-56-43,0,main.go:2026-06-08_13-56-43
2026-06-08_13-57-00,0,main.go:2026-06-08_13-57-00
2026-06-08_14-04-30,0,main.go:2026-06-08_13-57-00
2026-06-08_14-12-01,0,main.go:2026-06-08_14-12-01
2026-06-08_14-15-12,0,main.go:2026-06-08_14-12-01
2026-06-08_14-43-01,0,main.go:2026-06-08_14-43-01
2026-06-08_14-48-58,0,main.go:2026-06-08_14-48-58
2026-06-08_14-56-32,0,main.go:2026-06-08_14-56-32
2026-06-08_14-57-14,0,main.go:2026-06-08_14-57-14
2026-06-08_14-57-57,0,main.go:2026-06-08_14-57-57
2026-06-08_14-58-02,0,main.go:2026-06-08_14-58-02
2026-06-08_14-58-25,0,main.go:2026-06-08_14-58-25
2026-06-08_15-02-08,0,main.go:2026-06-08_15-02-08
2026-06-08_15-02-52,66,main.go:2026-06-08_15-02-52
2026-06-08_15-03-24,66,main.go:2026-06-08_15-02-52
2026-06-08_15-03-52,66,main.go:2026-06-08_15-03-52
2026-06-08_15-03-59,100,main.go:2026-06-08_15-03-59
2026-06-08_15-09-01,100,main.go:2026-06-08_15-03-59
