2026-07-05_14-23-01,25,main.go:2026-07-05_14-23-01;stack.go:2026-07-05_14-23-01
2026-07-05_14-47-33,25,main.go:2026-07-05_14-23-01;stack.go:2026-07-05_14-23-01
2026-07-05_14-47-50,25,main.go:2026-07-05_14-23-01;stack.go:2026-07-05_14-23-01
2026-07-05_15-26-04,25,main.go:2026-07-05_14-23-01;stack.go:2026-07-05_14-23-01
2026-07-05_15-51-35,0,main.go:2026-07-05_15-51-35;stack.go:2026-07-05_14-23-01
2026-07-05_16-03-20,25,main.go:2026-07-05_16-03-20;stack.go:2026-07-05_14-23-01
2026-07-05_16-03-36,25,main.go:2026-07-05_16-03-20;stack.go:2026-07-05_14-23-01
2026-07-05_16-13-31,25,main.go:2026-07-05_16-03-20;stack.go:2026-07-05_14-23-01
2026-07-05_16-14-18,25,main.go:2026-07-05_16-14-18;stack.go:2026-07-05_14-23-01
2026-07-05_16-18-25,0,main.go:2026-07-05_16-18-25;stack.go:2026-07-05_14-23-01
2026-07-05_16-18-49,0,main.go:2026-07-05_16-18-49;stack.go:2026-07-05_14-23-01
2026-07-05_16-19-04,0,main.go:2026-07-05_16-19-04;stack.go:2026-07-05_14-23-01
2026-07-05_16-19-25,0,main.go:2026-07-05_16-19-04;stack.go:2026-07-05_14-23-01
2026-07-05_16-21-25,0,main.go:2026-07-05_16-21-25;stack.go:2026-07-05_14-23-01
2026-07-05_16-22-31,0,main.go:2026-07-05_16-22-31;stack.go:2026-07-05_14-23-01
2026-07-05_16-24-03,75,main.go:2026-07-05_16-24-03;stack.go:2026-07-05_14-23-01
2026-07-05_16-25-01,75,main.go:2026-07-05_16-24-03;stack.go:2026-07-05_14-23-01
2026-07-05_16-25-11,75,main.go:2026-07-05_16-24-03;stack.go:2026-07-05_14-23-01
2026-07-05_16-32-39,75,main.go:2026-07-05_16-32-39;stack.go:2026-07-05_14-23-01
2026-07-05_16-32-47,75,main.go:2026-07-05_16-32-47;stack.go:2026-07-05_14-23-01
2026-07-05_16-32-55,0,main.go:2026-07-05_16-32-55;stack.go:2026-07-05_14-23-01
2026-07-05_16-33-21,75,main.go:2026-07-05_16-33-21;stack.go:2026-07-05_14-23-01
2026-07-05_16-33-29,75,main.go:2026-07-05_16-33-29;stack.go:2026-07-05_14-23-01
2026-07-05_16-34-51,75,main.go:2026-07-05_16-33-29;stack.go:2026-07-05_14-23-01
2026-07-05_16-42-22,75,main.go:2026-07-05_16-42-22;stack.go:2026-07-05_14-23-01
2026-07-05_16-50-00,75,main.go:2026-07-05_16-50-00;stack.go:2026-07-05_14-23-01
2026-07-05_16-50-10,75,main.go:2026-07-05_16-50-10;stack.go:2026-07-05_14-23-01
2026-07-05_16-51-02,100,main.go:2026-07-05_16-51-02;stack.go:2026-07-05_14-23-01
2026-07-05_16-51-09,100,main.go:2026-07-05_16-51-02;stack.go:2026-07-05_14-23-01
2026-07-05_16-51-24,100,main.go:2026-07-05_16-51-02;stack.go:2026-07-05_14-23-01
2026-07-05_16-52-06,100,main.go:2026-07-05_16-51-02;stack.go:2026-07-05_14-23-01
2026-07-05_16-55-57,100,main.go:2026-07-05_16-51-02;stack.go:2026-07-05_14-23-01
2026-07-05_16-58-23,100,main.go:2026-07-05_16-51-02;stack.go:2026-07-05_14-23-01
