2026-04-07_14-03-14,0,shell.go:2026-04-07_14-03-14
2026-04-07_14-11-09,0,shell.go:2026-04-07_14-03-14
2026-04-07_14-15-37,14,shell.go:2026-04-07_14-15-37
2026-04-07_14-20-26,14,shell.go:2026-04-07_14-20-26
2026-04-07_14-20-44,14,shell.go:2026-04-07_14-20-44
2026-04-07_14-21-34,14,shell.go:2026-04-07_14-21-34
2026-04-07_14-22-16,28,shell.go:2026-04-07_14-22-16
2026-04-07_14-22-45,28,shell.go:2026-04-07_14-22-16
2026-04-07_14-23-16,14,shell.go:2026-04-07_14-23-16
2026-04-07_14-23-26,28,shell.go:2026-04-07_14-23-26
2026-04-07_14-23-39,14,shell.go:2026-04-07_14-23-39
2026-04-07_14-24-13,14,shell.go:2026-04-07_14-24-13
2026-04-07_14-31-06,28,shell.go:2026-04-07_14-31-06
2026-04-07_14-33-36,28,shell.go:2026-04-07_14-31-06
2026-04-07_14-38-48,42,shell.go:2026-04-07_14-38-48
2026-04-07_14-39-39,42,shell.go:2026-04-07_14-38-48
2026-04-07_14-40-23,---,shell.go:2026-04-07_14-38-48
2026-04-07_14-44-22,42,shell.go:2026-04-07_14-38-48
2026-04-07_14-49-49,42,shell.go:2026-04-07_14-49-49
2026-04-07_14-50-09,42,shell.go:2026-04-07_14-50-09
2026-04-07_15-08-38,42,shell.go:2026-04-07_14-50-09
2026-04-07_15-11-25,42,shell.go:2026-04-07_14-50-09
2026-04-07_18-58-58,42,shell.go:2026-04-07_14-50-09
2026-04-07_19-05-22,42,shell.go:2026-04-07_14-50-09
2026-04-07_19-18-30,28,shell.go:2026-04-07_19-18-30
2026-04-07_19-18-39,42,shell.go:2026-04-07_19-18-39
2026-04-07_19-18-49,42,shell.go:2026-04-07_19-18-39
2026-04-07_19-19-57,57,shell.go:2026-04-07_19-19-57
2026-04-07_19-35-57,57,shell.go:2026-04-07_19-19-57
2026-04-07_19-36-15,71,shell.go:2026-04-07_19-36-15
2026-04-07_19-36-23,71,shell.go:2026-04-07_19-36-15
2026-04-07_19-37-08,71,shell.go:2026-04-07_19-36-15
2026-04-07_19-55-18,71,shell.go:2026-04-07_19-55-18
2026-04-07_19-57-12,71,shell.go:2026-04-07_19-55-18
2026-04-07_19-57-53,85,shell.go:2026-04-07_19-57-53
2026-04-07_20-10-27,85,shell.go:2026-04-07_20-10-27
2026-04-07_20-11-07,71,shell.go:2026-04-07_20-11-07
2026-04-07_20-11-59,85,shell.go:2026-04-07_20-11-59
2026-04-07_20-21-35,100,shell.go:2026-04-07_20-21-35
